{"cameraMode":{"drawMode":0,"name":"Shaded","section":"Shading Mode"},"sceneLighting":false,"audioPlay":false,"sceneViewState":{"showFog":true,"showMaterialUpdate":true,"showSkybox":false,"showFlares":true,"showImageEffects":true,"showParticleSystems":true},"in2DMode":false,"pivot":{"x":2456.094970703125,"y":485.20721435546877,"z":-2063493.375},"rotation":{"x":0.38403695821762087,"y":0.15129299461841584,"z":-0.06394746154546738,"w":0.9085907340049744},"size":1839.2462158203125,"orthographic":false}