{"cameraMode":{"drawMode":0,"name":"Shaded","section":"Shading Mode"},"sceneLighting":false,"audioPlay":false,"sceneViewState":{"showFog":true,"showMaterialUpdate":true,"showSkybox":false,"showFlares":true,"showImageEffects":true,"showParticleSystems":true},"in2DMode":false,"pivot":{"x":6.651183128356934,"y":-0.18707799911499024,"z":6.384036064147949},"rotation":{"x":-0.026678021997213365,"y":0.9630991816520691,"z":-0.24675041437149049,"w":-0.10412785410881043},"size":11.733770370483399,"orthographic":false}