{"cameraMode":{"drawMode":0,"name":"Shaded","section":"Shading Mode"},"sceneLighting":false,"audioPlay":false,"sceneViewState":{"showFog":true,"showMaterialUpdate":true,"showSkybox":false,"showFlares":true,"showImageEffects":true,"showParticleSystems":true},"in2DMode":false,"pivot":{"x":2.472848653793335,"y":2.565671443939209,"z":-0.11321733146905899},"rotation":{"x":0.10968479514122009,"y":-0.8896475434303284,"z":0.2946203947067261,"w":0.33121055364608767},"size":10.222638130187989,"orthographic":false}