{"cameraMode":{"drawMode":0,"name":"Shaded","section":"Shading Mode"},"sceneLighting":false,"audioPlay":false,"sceneViewState":{"showFog":true,"showMaterialUpdate":true,"showSkybox":false,"showFlares":true,"showImageEffects":true,"showParticleSystems":true},"in2DMode":false,"pivot":{"x":6.168722629547119,"y":-0.2433868646621704,"z":10.338088989257813},"rotation":{"x":0.23983632028102876,"y":-0.18646350502967835,"z":0.04699624702334404,"w":0.9515784978866577},"size":3.2335526943206789,"orthographic":false}