{"cameraMode":{"drawMode":0,"name":"Shaded","section":"Shading Mode"},"sceneLighting":false,"audioPlay":false,"sceneViewState":{"showFog":true,"showMaterialUpdate":true,"showSkybox":false,"showFlares":true,"showImageEffects":true,"showParticleSystems":true},"in2DMode":false,"pivot":{"x":3.307056427001953,"y":-1.2341710329055787,"z":7.479516983032227},"rotation":{"x":0.007271379232406616,"y":0.9849885106086731,"z":-0.16705267131328584,"w":0.0428740493953228},"size":3.1578845977783205,"orthographic":false}