{"cameraMode":{"drawMode":0,"name":"Shaded","section":"Shading Mode"},"sceneLighting":false,"audioPlay":false,"sceneViewState":{"showFog":true,"showMaterialUpdate":true,"showSkybox":false,"showFlares":true,"showImageEffects":true,"showParticleSystems":true},"in2DMode":false,"pivot":{"x":4.796202182769775,"y":0.23996877670288087,"z":0.6973605155944824},"rotation":{"x":0.26176145672798159,"y":0.018818479031324388,"z":-0.005105196498334408,"w":0.9649367928504944},"size":1.720233678817749,"orthographic":false}